Simulation_ID,Agent_ID,Survived,Age,Risk_Level,Strategy,Health_End,Escape_Time,Has_Relatives
1973ef48-83cf-448e-a04a-e071199f804c,1,True,72,0.5565161377718971,nearest_exit,100,28,False
1973ef48-83cf-448e-a04a-e071199f804c,2,True,42,0.19489350999621113,safest_exit,100,175,False
1973ef48-83cf-448e-a04a-e071199f804c,3,True,29,0.8848248205640001,nearest_exit,36,293,False
1973ef48-83cf-448e-a04a-e071199f804c,4,True,34,0.3379057031906031,nearest_exit,100,229,True
1973ef48-83cf-448e-a04a-e071199f804c,5,True,70,0.462149445974253,safest_exit,100,230,True
1973ef48-83cf-448e-a04a-e071199f804c,6,True,14,0.5022246986147633,least_crowded_exit,100,183,True
